{"default": {"n_partition": 1, "n_items": [30], "exe_time": 2.719208002090454}, "customized": {"n_partition": 1, "n_items": [30], "exe_time": 1.298522710800171}}