{"m1": 33.601470708847046, "m2": 45.23536205291748, "reason": "abc"}